learner_id,name,membership_plan,total_courses_completed,learner_segment,join_date
L00001,Bima Santoso,Plus,4,Intermediate,2024-11-24
L00002,Dimas Pratama,Plus,24,Intermediate,2025-03-06
L00003,Dimas Pratama,Free,21,Beginner,2023-11-30
L00004,Citra Dewi,Plus,15,Beginner,2024-11-14
L00005,Eka Wijaya,Pro,2,Beginner,2026-04-03
L00006,Dimas Pratama,Pro,19,Advanced,2026-08-23
L00007,Alya Putri,Pro,4,Beginner,2023-11-01
L00008,Dimas Pratama,Plus,8,Advanced,2026-08-30
L00009,Citra Dewi,Plus,3,Intermediate,2024-12-01
L00010,Eka Wijaya,Pro,10,Beginner,2024-10-01
L00011,Alya Putri,Plus,16,Advanced,2025-11-01
L00012,Alya Putri,Free,13,Intermediate,2024-02-27
L00013,Bima Santoso,Plus,20,Intermediate,2026-08-10
L00014,Eka Wijaya,Pro,22,Intermediate,2025-07-11
L00015,Bima Santoso,Free,9,Beginner,2024-06-16
L00016,Alya Putri,Plus,11,Advanced,2024-12-28
L00017,Eka Wijaya,Plus,9,Intermediate,2026-08-25
L00018,Eka Wijaya,Plus,19,Beginner,2024-08-28
L00019,Alya Putri,Plus,11,Intermediate,2024-11-02
L00020,Bima Santoso,Free,7,Beginner,2026-08-12
L00021,Citra Dewi,Plus,17,Intermediate,2025-04-01
L00022,Citra Dewi,Pro,20,Beginner,2024-06-22
L00023,Dimas Pratama,Plus,12,Advanced,2026-01-09
L00024,Eka Wijaya,Pro,18,Intermediate,2024-11-27
L00025,Citra Dewi,Pro,3,Advanced,2026-04-04
L00026,Alya Putri,Free,2,Intermediate,2023-11-03
L00027,Eka Wijaya,Plus,3,Beginner,2026-03-06
L00028,Eka Wijaya,Pro,13,Intermediate,2023-12-12
L00029,Eka Wijaya,Pro,1,Advanced,2024-07-01
L00030,Eka Wijaya,Pro,1,Beginner,2026-03-10
L00031,Dimas Pratama,Free,1,Intermediate,2026-07-12
L00032,Citra Dewi,Pro,0,Advanced,2025-02-23
L00033,Dimas Pratama,Free,4,Beginner,2024-10-28
L00034,Dimas Pratama,Plus,1,Advanced,2024-04-27
L00035,Eka Wijaya,Pro,25,Advanced,2023-09-24
L00036,Dimas Pratama,Pro,18,Intermediate,2024-07-19
L00037,Bima Santoso,Pro,22,Beginner,2024-07-02
L00038,Alya Putri,Pro,8,Intermediate,2025-06-29
L00039,Citra Dewi,Pro,21,Advanced,2026-01-19
L00040,Citra Dewi,Pro,8,Advanced,2025-11-07
L00041,Citra Dewi,Pro,11,Intermediate,2024-06-21
L00042,Eka Wijaya,Free,24,Intermediate,2025-05-07
L00043,Citra Dewi,Free,1,Beginner,2026-08-31
L00044,Bima Santoso,Free,8,Beginner,2024-03-28
L00045,Alya Putri,Plus,5,Intermediate,2023-09-08
L00046,Dimas Pratama,Plus,4,Beginner,2024-05-17
L00047,Alya Putri,Plus,5,Beginner,2024-10-27
L00048,Citra Dewi,Free,9,Beginner,2025-09-09
L00049,Citra Dewi,Free,8,Beginner,2023-10-10
L00050,Eka Wijaya,Plus,25,Beginner,2025-01-22
L00051,Alya Putri,Free,16,Intermediate,2026-08-12
L00052,Bima Santoso,Pro,20,Beginner,2025-10-31
L00053,Alya Putri,Free,2,Intermediate,2023-12-07
L00054,Dimas Pratama,Plus,4,Advanced,2024-02-10
L00055,Bima Santoso,Pro,9,Beginner,2025-12-03
L00056,Citra Dewi,Plus,23,Intermediate,2025-02-24
L00057,Dimas Pratama,Pro,18,Beginner,2026-01-01
L00058,Citra Dewi,Free,25,Intermediate,2026-06-08
L00059,Citra Dewi,Plus,24,Advanced,2024-11-02
L00060,Dimas Pratama,Free,10,Intermediate,2026-04-14
L00061,Alya Putri,Plus,10,Beginner,2025-10-31
L00062,Alya Putri,Plus,7,Intermediate,2025-03-07
L00063,Alya Putri,Free,25,Intermediate,2026-02-23
L00064,Dimas Pratama,Plus,22,Beginner,2026-01-05
L00065,Eka Wijaya,Free,1,Beginner,2024-10-26
L00066,Eka Wijaya,Free,19,Intermediate,2026-01-27
L00067,Alya Putri,Plus,22,Intermediate,2024-07-11
L00068,Citra Dewi,Plus,25,Advanced,2025-01-10
L00069,Dimas Pratama,Plus,1,Intermediate,2024-12-02
L00070,Bima Santoso,Pro,23,Beginner,2024-05-23
L00071,Eka Wijaya,Plus,9,Intermediate,2025-05-01
L00072,Eka Wijaya,Pro,17,Intermediate,2025-12-23
L00073,Dimas Pratama,Plus,16,Intermediate,2024-05-18
L00074,Eka Wijaya,Plus,16,Beginner,2024-12-18
L00075,Alya Putri,Pro,22,Intermediate,2023-11-21
L00076,Eka Wijaya,Plus,0,Advanced,2025-12-17
L00077,Citra Dewi,Pro,18,Intermediate,2026-04-17
L00078,Dimas Pratama,Pro,24,Beginner,2024-10-30
L00079,Eka Wijaya,Pro,10,Beginner,2026-03-27
L00080,Citra Dewi,Plus,24,Intermediate,2024-12-28
L00081,Citra Dewi,Pro,0,Intermediate,2025-07-09
L00082,Dimas Pratama,Free,13,Advanced,2026-04-21
L00083,Dimas Pratama,Plus,21,Advanced,2024-03-10
L00084,Dimas Pratama,Plus,11,Advanced,2025-08-20
L00085,Alya Putri,Plus,1,Intermediate,2023-09-11
L00086,Eka Wijaya,Plus,24,Beginner,2024-03-17
L00087,Eka Wijaya,Free,5,Advanced,2026-08-04
L00088,Alya Putri,Free,25,Advanced,2026-06-18
L00089,Eka Wijaya,Pro,5,Intermediate,2025-02-15
L00090,Eka Wijaya,Free,24,Advanced,2025-05-29
L00091,Eka Wijaya,Pro,14,Advanced,2024-06-06
L00092,Eka Wijaya,Free,12,Beginner,2025-12-16
L00093,Citra Dewi,Free,9,Beginner,2024-09-07
L00094,Eka Wijaya,Pro,18,Intermediate,2025-06-14
L00095,Citra Dewi,Free,10,Advanced,2024-12-08
L00096,Alya Putri,Free,14,Intermediate,2026-04-28
L00097,Alya Putri,Pro,4,Beginner,2025-08-23
L00098,Bima Santoso,Pro,24,Advanced,2025-01-20
L00099,Bima Santoso,Pro,6,Beginner,2024-10-22
L00100,Alya Putri,Plus,25,Beginner,2024-05-22
L00101,Dimas Pratama,Free,11,Intermediate,2025-07-16
L00102,Alya Putri,Plus,9,Advanced,2025-05-15
L00103,Citra Dewi,Pro,13,Intermediate,2024-06-20
L00104,Citra Dewi,Pro,23,Advanced,2024-01-31
L00105,Eka Wijaya,Plus,9,Beginner,2026-04-06
L00106,Dimas Pratama,Pro,9,Beginner,2026-07-03
L00107,Citra Dewi,Pro,10,Beginner,2026-07-14
L00108,Bima Santoso,Pro,15,Intermediate,2025-12-09
L00109,Dimas Pratama,Pro,20,Intermediate,2025-03-16
L00110,Alya Putri,Pro,17,Intermediate,2024-07-28
L00111,Citra Dewi,Free,8,Beginner,2023-10-29
L00112,Alya Putri,Plus,12,Intermediate,2026-04-18
L00113,Bima Santoso,Free,1,Beginner,2024-09-15
L00114,Citra Dewi,Plus,21,Intermediate,2025-07-04
L00115,Eka Wijaya,Pro,18,Beginner,2023-09-28
L00116,Bima Santoso,Plus,12,Beginner,2025-08-28
L00117,Alya Putri,Plus,11,Beginner,2024-02-25
L00118,Alya Putri,Pro,4,Beginner,2026-04-18
L00119,Alya Putri,Plus,2,Intermediate,2025-04-07
L00120,Dimas Pratama,Free,18,Beginner,2024-11-21
L00121,Alya Putri,Free,5,Advanced,2024-02-07
L00122,Citra Dewi,Plus,5,Beginner,2023-12-25
L00123,Eka Wijaya,Pro,17,Beginner,2024-04-05
L00124,Alya Putri,Pro,19,Advanced,2026-01-27
L00125,Citra Dewi,Free,2,Intermediate,2025-05-01
L00126,Citra Dewi,Free,11,Intermediate,2024-08-17
L00127,Alya Putri,Pro,7,Intermediate,2024-10-17
L00128,Citra Dewi,Plus,18,Intermediate,2025-01-26
L00129,Eka Wijaya,Pro,6,Intermediate,2024-04-04
L00130,Eka Wijaya,Plus,0,Beginner,2025-08-02
L00131,Citra Dewi,Pro,22,Intermediate,2025-11-09
L00132,Dimas Pratama,Plus,7,Beginner,2024-03-10
L00133,Bima Santoso,Plus,2,Intermediate,2023-09-20
L00134,Alya Putri,Plus,8,Beginner,2023-12-03
L00135,Dimas Pratama,Plus,6,Advanced,2026-01-07
L00136,Bima Santoso,Pro,12,Beginner,2024-01-16
L00137,Bima Santoso,Plus,21,Beginner,2023-12-09
L00138,Dimas Pratama,Pro,20,Advanced,2025-03-27
L00139,Dimas Pratama,Pro,4,Beginner,2024-11-09
L00140,Bima Santoso,Free,10,Advanced,2025-02-26
L00141,Eka Wijaya,Free,8,Intermediate,2025-08-09
L00142,Alya Putri,Plus,7,Intermediate,2025-11-23
L00143,Bima Santoso,Pro,8,Intermediate,2025-07-17
L00144,Bima Santoso,Free,0,Intermediate,2026-04-24
L00145,Dimas Pratama,Plus,8,Intermediate,2025-03-10
L00146,Citra Dewi,Plus,7,Intermediate,2025-03-15
L00147,Citra Dewi,Free,24,Beginner,2024-09-18
L00148,Dimas Pratama,Pro,15,Beginner,2024-07-29
L00149,Alya Putri,Plus,0,Beginner,2024-02-27
L00150,Alya Putri,Pro,1,Advanced,2024-11-14
L00151,Alya Putri,Free,13,Advanced,2025-06-16
L00152,Bima Santoso,Plus,0,Advanced,2025-02-19
L00153,Alya Putri,Pro,11,Intermediate,2023-12-10
L00154,Citra Dewi,Plus,21,Intermediate,2024-12-02
L00155,Alya Putri,Free,19,Intermediate,2024-08-21
L00156,Citra Dewi,Plus,1,Intermediate,2025-01-11
L00157,Alya Putri,Pro,5,Intermediate,2025-12-01
L00158,Citra Dewi,Plus,8,Intermediate,2025-03-24
L00159,Citra Dewi,Pro,23,Advanced,2026-07-05
L00160,Bima Santoso,Pro,24,Intermediate,2024-06-16
L00161,Bima Santoso,Free,24,Intermediate,2025-06-21
L00162,Dimas Pratama,Plus,23,Intermediate,2023-11-30
L00163,Citra Dewi,Plus,14,Beginner,2025-03-17
L00164,Bima Santoso,Free,2,Advanced,2026-03-04
L00165,Dimas Pratama,Pro,0,Intermediate,2025-04-05
L00166,Dimas Pratama,Plus,12,Intermediate,2023-12-13
L00167,Alya Putri,Pro,15,Advanced,2024-11-02
L00168,Alya Putri,Pro,3,Advanced,2025-07-02
L00169,Dimas Pratama,Pro,6,Advanced,2025-11-07
L00170,Bima Santoso,Pro,24,Advanced,2023-09-20
L00171,Alya Putri,Plus,10,Advanced,2025-12-06
L00172,Alya Putri,Pro,22,Advanced,2025-08-25
L00173,Eka Wijaya,Pro,20,Intermediate,2025-03-26
L00174,Dimas Pratama,Pro,1,Intermediate,2025-11-05
L00175,Bima Santoso,Plus,10,Beginner,2025-11-28
L00176,Eka Wijaya,Plus,9,Intermediate,2024-04-05
L00177,Eka Wijaya,Free,0,Beginner,2024-09-28
L00178,Citra Dewi,Pro,23,Intermediate,2024-08-23
L00179,Dimas Pratama,Free,13,Advanced,2024-02-11
L00180,Eka Wijaya,Plus,7,Intermediate,2025-02-23
L00181,Bima Santoso,Pro,14,Intermediate,2024-03-27
L00182,Bima Santoso,Free,10,Intermediate,2024-06-01
L00183,Bima Santoso,Plus,6,Beginner,2025-07-25
L00184,Bima Santoso,Free,4,Intermediate,2025-02-12
L00185,Dimas Pratama,Free,8,Advanced,2026-07-28
L00186,Dimas Pratama,Free,10,Intermediate,2026-07-29
L00187,Eka Wijaya,Plus,9,Intermediate,2026-03-18
L00188,Citra Dewi,Free,7,Advanced,2024-04-25
L00189,Citra Dewi,Pro,24,Intermediate,2025-05-07
L00190,Dimas Pratama,Free,12,Intermediate,2023-11-10
L00191,Bima Santoso,Free,7,Advanced,2023-12-25
L00192,Alya Putri,Free,10,Beginner,2024-10-19
L00193,Eka Wijaya,Pro,1,Intermediate,2024-09-04
L00194,Bima Santoso,Free,23,Intermediate,2026-07-27
L00195,Dimas Pratama,Free,15,Advanced,2025-06-03
L00196,Dimas Pratama,Free,3,Advanced,2026-05-02
L00197,Alya Putri,Pro,20,Advanced,2025-05-19
L00198,Bima Santoso,Plus,20,Beginner,2023-10-26
L00199,Citra Dewi,Plus,2,Advanced,2023-10-26
L00200,Bima Santoso,Free,11,Advanced,2024-01-29
L00201,Eka Wijaya,Free,18,Intermediate,2024-03-27
L00202,Eka Wijaya,Pro,7,Beginner,2024-10-20
L00203,Dimas Pratama,Free,25,Advanced,2026-01-31
L00204,Citra Dewi,Free,5,Beginner,2024-09-12
L00205,Citra Dewi,Free,10,Intermediate,2025-03-11
L00206,Alya Putri,Plus,24,Beginner,2025-01-20
L00207,Alya Putri,Free,7,Beginner,2026-08-16
L00208,Eka Wijaya,Free,4,Beginner,2026-04-12
L00209,Bima Santoso,Free,19,Intermediate,2026-04-16
L00210,Eka Wijaya,Plus,13,Intermediate,2026-05-15
L00211,Bima Santoso,Pro,12,Beginner,2024-05-30
L00212,Alya Putri,Plus,4,Advanced,2024-09-18
L00213,Dimas Pratama,Pro,6,Intermediate,2024-10-17
L00214,Bima Santoso,Plus,18,Advanced,2025-08-09
L00215,Eka Wijaya,Plus,24,Intermediate,2024-09-10
L00216,Eka Wijaya,Plus,19,Beginner,2025-06-12
L00217,Dimas Pratama,Free,6,Advanced,2026-01-19
L00218,Dimas Pratama,Free,7,Advanced,2026-08-31
L00219,Bima Santoso,Free,11,Beginner,2025-08-26
L00220,Alya Putri,Pro,14,Intermediate,2025-05-11
L00221,Dimas Pratama,Free,2,Advanced,2024-11-29
L00222,Citra Dewi,Pro,8,Beginner,2025-11-24
L00223,Citra Dewi,Free,10,Beginner,2023-09-19
L00224,Eka Wijaya,Pro,17,Intermediate,2025-07-08
L00225,Eka Wijaya,Free,21,Beginner,2025-11-06
L00226,Eka Wijaya,Pro,20,Beginner,2026-05-24
L00227,Alya Putri,Plus,13,Advanced,2025-01-01
L00228,Eka Wijaya,Plus,12,Beginner,2024-07-02
L00229,Alya Putri,Plus,11,Advanced,2025-03-01
L00230,Citra Dewi,Free,24,Advanced,2024-06-05
L00231,Bima Santoso,Plus,18,Beginner,2025-01-19
L00232,Bima Santoso,Plus,15,Beginner,2025-06-26
L00233,Bima Santoso,Plus,10,Intermediate,2024-04-09
L00234,Citra Dewi,Plus,25,Intermediate,2024-12-28
L00235,Dimas Pratama,Pro,18,Intermediate,2026-04-28
L00236,Eka Wijaya,Plus,24,Intermediate,2025-07-20
L00237,Alya Putri,Pro,2,Advanced,2024-08-01
L00238,Eka Wijaya,Plus,2,Advanced,2024-07-18
L00239,Dimas Pratama,Plus,16,Advanced,2023-10-18
L00240,Eka Wijaya,Plus,2,Intermediate,2024-10-07
L00241,Alya Putri,Plus,23,Advanced,2025-08-25
L00242,Dimas Pratama,Pro,12,Intermediate,2026-07-02
L00243,Bima Santoso,Pro,22,Intermediate,2025-05-18
L00244,Dimas Pratama,Plus,18,Intermediate,2025-08-31
L00245,Bima Santoso,Free,4,Intermediate,2026-05-09
L00246,Citra Dewi,Pro,8,Beginner,2026-04-23
L00247,Bima Santoso,Plus,15,Intermediate,2023-11-23
L00248,Citra Dewi,Pro,15,Intermediate,2023-12-13
L00249,Dimas Pratama,Free,6,Intermediate,2024-01-03
L00250,Bima Santoso,Free,22,Intermediate,2026-01-31
L00251,Citra Dewi,Plus,6,Advanced,2025-08-04
L00252,Citra Dewi,Pro,1,Beginner,2026-02-22
L00253,Bima Santoso,Pro,8,Beginner,2026-06-10
L00254,Eka Wijaya,Plus,12,Intermediate,2024-11-03
L00255,Alya Putri,Pro,2,Intermediate,2026-05-26
L00256,Bima Santoso,Plus,24,Beginner,2024-12-08
L00257,Bima Santoso,Pro,22,Advanced,2025-05-25
L00258,Alya Putri,Pro,3,Intermediate,2023-12-31
L00259,Dimas Pratama,Free,2,Beginner,2024-06-17
L00260,Eka Wijaya,Pro,15,Intermediate,2025-05-31
L00261,Eka Wijaya,Plus,25,Intermediate,2026-05-09
L00262,Eka Wijaya,Plus,21,Beginner,2026-03-01
L00263,Alya Putri,Plus,24,Beginner,2026-02-01
L00264,Bima Santoso,Plus,19,Intermediate,2024-10-09
L00265,Alya Putri,Plus,3,Intermediate,2026-02-24
L00266,Alya Putri,Pro,22,Intermediate,2023-11-08
L00267,Bima Santoso,Plus,6,Advanced,2025-09-15
L00268,Citra Dewi,Pro,19,Advanced,2024-05-15
L00269,Citra Dewi,Free,8,Intermediate,2024-12-13
L00270,Bima Santoso,Free,8,Advanced,2024-10-18
L00271,Bima Santoso,Plus,22,Intermediate,2025-08-12
L00272,Eka Wijaya,Pro,20,Beginner,2025-11-06
L00273,Alya Putri,Free,10,Beginner,2025-11-16
L00274,Bima Santoso,Plus,9,Advanced,2025-03-24
L00275,Bima Santoso,Free,18,Advanced,2026-07-23
L00276,Alya Putri,Plus,23,Intermediate,2024-09-13
L00277,Dimas Pratama,Pro,22,Advanced,2023-09-22
L00278,Dimas Pratama,Plus,6,Advanced,2024-02-09
L00279,Bima Santoso,Plus,23,Beginner,2026-05-17
L00280,Alya Putri,Pro,10,Advanced,2023-10-24
L00281,Eka Wijaya,Free,13,Intermediate,2025-09-30
L00282,Eka Wijaya,Free,22,Beginner,2025-08-10
L00283,Citra Dewi,Free,12,Beginner,2025-01-26
L00284,Alya Putri,Plus,3,Intermediate,2025-12-17
L00285,Citra Dewi,Plus,11,Advanced,2026-03-26
L00286,Eka Wijaya,Pro,1,Intermediate,2023-09-18
L00287,Dimas Pratama,Plus,14,Advanced,2023-10-09
L00288,Dimas Pratama,Plus,9,Advanced,2025-08-28
L00289,Eka Wijaya,Free,10,Intermediate,2023-09-27
L00290,Dimas Pratama,Plus,22,Intermediate,2024-02-27
L00291,Dimas Pratama,Pro,22,Advanced,2025-03-08
L00292,Bima Santoso,Plus,3,Beginner,2025-07-09
L00293,Bima Santoso,Pro,14,Beginner,2023-10-06
L00294,Citra Dewi,Pro,13,Intermediate,2024-08-29
L00295,Dimas Pratama,Free,12,Advanced,2024-08-22
L00296,Bima Santoso,Pro,11,Advanced,2024-08-18
L00297,Citra Dewi,Plus,20,Intermediate,2025-10-28
L00298,Bima Santoso,Plus,12,Beginner,2025-01-06
L00299,Citra Dewi,Pro,5,Beginner,2025-07-18
L00300,Dimas Pratama,Pro,1,Intermediate,2024-02-20
L00301,Alya Putri,Plus,6,Intermediate,2025-06-06
L00302,Alya Putri,Plus,7,Advanced,2025-09-30
L00303,Citra Dewi,Plus,12,Advanced,2023-10-08
L00304,Bima Santoso,Pro,24,Beginner,2026-02-20
L00305,Alya Putri,Pro,13,Advanced,2024-06-14
L00306,Citra Dewi,Plus,18,Intermediate,2024-10-12
L00307,Dimas Pratama,Plus,23,Advanced,2025-12-05
L00308,Dimas Pratama,Pro,12,Advanced,2024-08-08
L00309,Dimas Pratama,Plus,2,Intermediate,2026-08-09
L00310,Eka Wijaya,Pro,25,Beginner,2025-05-21
L00311,Eka Wijaya,Pro,4,Intermediate,2024-05-30
L00312,Eka Wijaya,Free,4,Intermediate,2025-04-18
L00313,Citra Dewi,Pro,10,Beginner,2024-02-16
L00314,Bima Santoso,Free,17,Beginner,2025-10-05
L00315,Dimas Pratama,Pro,1,Intermediate,2025-07-10
L00316,Dimas Pratama,Pro,14,Intermediate,2026-06-16
L00317,Dimas Pratama,Plus,5,Advanced,2023-09-11
L00318,Citra Dewi,Pro,4,Beginner,2024-07-28
L00319,Alya Putri,Free,10,Beginner,2024-03-31
L00320,Eka Wijaya,Free,17,Intermediate,2026-07-28
L00321,Alya Putri,Pro,9,Beginner,2025-11-23
L00322,Citra Dewi,Free,16,Intermediate,2025-05-02
L00323,Eka Wijaya,Pro,6,Advanced,2026-07-23
L00324,Dimas Pratama,Free,13,Beginner,2024-02-10
L00325,Eka Wijaya,Pro,2,Intermediate,2026-01-03
L00326,Dimas Pratama,Pro,13,Beginner,2026-04-13
L00327,Eka Wijaya,Plus,3,Intermediate,2023-12-11
L00328,Eka Wijaya,Free,14,Advanced,2024-10-20
L00329,Dimas Pratama,Plus,4,Advanced,2023-09-09
L00330,Citra Dewi,Free,12,Beginner,2025-08-03
L00331,Bima Santoso,Plus,23,Intermediate,2024-06-27
L00332,Dimas Pratama,Pro,21,Intermediate,2023-12-28
L00333,Eka Wijaya,Pro,25,Intermediate,2024-07-25
L00334,Alya Putri,Free,13,Beginner,2025-11-05
L00335,Eka Wijaya,Pro,16,Advanced,2024-08-14
L00336,Bima Santoso,Plus,3,Intermediate,2026-04-02
L00337,Alya Putri,Free,6,Advanced,2026-09-04
L00338,Bima Santoso,Plus,15,Advanced,2025-07-31
L00339,Citra Dewi,Free,6,Intermediate,2025-05-05
L00340,Citra Dewi,Free,24,Intermediate,2024-04-28
L00341,Bima Santoso,Free,8,Advanced,2026-03-01
L00342,Dimas Pratama,Free,7,Advanced,2025-11-19
L00343,Citra Dewi,Pro,9,Advanced,2023-09-25
L00344,Citra Dewi,Plus,7,Intermediate,2025-06-15
L00345,Dimas Pratama,Free,21,Beginner,2024-06-15
L00346,Eka Wijaya,Plus,4,Intermediate,2026-03-18
L00347,Bima Santoso,Plus,0,Beginner,2024-08-23
L00348,Dimas Pratama,Plus,16,Beginner,2026-03-15
L00349,Dimas Pratama,Plus,1,Advanced,2024-09-29
L00350,Alya Putri,Plus,15,Intermediate,2024-11-28
L00351,Dimas Pratama,Free,4,Advanced,2024-04-05
L00352,Citra Dewi,Pro,0,Advanced,2024-08-02
L00353,Eka Wijaya,Pro,7,Beginner,2024-01-16
L00354,Eka Wijaya,Plus,16,Advanced,2024-02-16
L00355,Alya Putri,Plus,17,Beginner,2026-07-16
L00356,Dimas Pratama,Plus,1,Beginner,2024-11-27
L00357,Eka Wijaya,Pro,21,Beginner,2026-08-08
L00358,Bima Santoso,Plus,17,Advanced,2024-12-21
L00359,Eka Wijaya,Pro,0,Intermediate,2026-05-24
L00360,Eka Wijaya,Plus,23,Advanced,2026-04-22
L00361,Dimas Pratama,Free,4,Advanced,2025-01-14
L00362,Citra Dewi,Pro,2,Advanced,2026-01-28
L00363,Dimas Pratama,Pro,4,Intermediate,2024-05-15
L00364,Bima Santoso,Plus,22,Advanced,2025-08-29
L00365,Dimas Pratama,Plus,3,Beginner,2026-06-12
L00366,Dimas Pratama,Free,21,Intermediate,2025-12-25
L00367,Bima Santoso,Pro,7,Beginner,2024-03-12
L00368,Bima Santoso,Plus,5,Advanced,2025-02-12
L00369,Dimas Pratama,Plus,20,Advanced,2026-02-11
L00370,Citra Dewi,Free,0,Advanced,2026-08-20
L00371,Alya Putri,Plus,2,Advanced,2024-02-25
L00372,Bima Santoso,Free,10,Beginner,2024-05-26
L00373,Dimas Pratama,Plus,22,Beginner,2026-01-20
L00374,Citra Dewi,Free,5,Beginner,2024-12-05
L00375,Eka Wijaya,Free,21,Intermediate,2025-12-26
L00376,Citra Dewi,Plus,13,Beginner,2025-07-02
L00377,Alya Putri,Pro,0,Intermediate,2025-06-16
L00378,Dimas Pratama,Free,20,Beginner,2026-05-27
L00379,Eka Wijaya,Plus,3,Intermediate,2025-07-03
L00380,Eka Wijaya,Plus,5,Advanced,2025-12-30
L00381,Eka Wijaya,Free,14,Advanced,2026-06-06
L00382,Citra Dewi,Pro,2,Advanced,2025-09-20
L00383,Bima Santoso,Plus,13,Advanced,2024-05-18
L00384,Bima Santoso,Pro,8,Advanced,2024-07-19
L00385,Bima Santoso,Plus,18,Advanced,2026-05-23
L00386,Bima Santoso,Pro,22,Intermediate,2023-10-05
L00387,Bima Santoso,Plus,14,Beginner,2024-02-03
L00388,Bima Santoso,Pro,19,Beginner,2025-11-02
L00389,Dimas Pratama,Plus,2,Beginner,2024-04-17
L00390,Bima Santoso,Plus,13,Beginner,2026-02-15
L00391,Citra Dewi,Pro,5,Intermediate,2023-11-30
L00392,Citra Dewi,Free,21,Advanced,2026-08-04
L00393,Dimas Pratama,Plus,22,Advanced,2024-05-03
L00394,Dimas Pratama,Free,19,Advanced,2024-02-27
L00395,Dimas Pratama,Pro,10,Beginner,2024-04-03
L00396,Citra Dewi,Pro,10,Advanced,2025-08-25
L00397,Alya Putri,Free,14,Advanced,2025-09-22
L00398,Bima Santoso,Pro,12,Advanced,2026-04-03
L00399,Bima Santoso,Pro,17,Advanced,2025-10-12
L00400,Citra Dewi,Plus,23,Advanced,2024-11-17
L00401,Dimas Pratama,Free,14,Advanced,2025-01-07
L00402,Alya Putri,Free,19,Advanced,2023-11-26
L00403,Alya Putri,Pro,9,Intermediate,2024-07-11
L00404,Alya Putri,Plus,12,Intermediate,2025-01-10
L00405,Eka Wijaya,Pro,4,Intermediate,2026-04-13
L00406,Bima Santoso,Plus,6,Intermediate,2024-08-20
L00407,Dimas Pratama,Plus,13,Intermediate,2025-02-06
L00408,Citra Dewi,Pro,14,Intermediate,2024-10-13
L00409,Citra Dewi,Pro,14,Intermediate,2024-02-01
L00410,Citra Dewi,Pro,11,Beginner,2025-03-09
L00411,Citra Dewi,Pro,6,Advanced,2025-06-30
L00412,Bima Santoso,Free,17,Intermediate,2025-05-15
L00413,Citra Dewi,Plus,8,Advanced,2025-06-28
L00414,Dimas Pratama,Free,2,Beginner,2025-09-09
L00415,Eka Wijaya,Pro,23,Advanced,2024-08-18
L00416,Bima Santoso,Plus,1,Advanced,2025-06-10
L00417,Alya Putri,Plus,19,Intermediate,2025-09-06
L00418,Bima Santoso,Free,21,Intermediate,2025-11-24
L00419,Alya Putri,Pro,19,Beginner,2023-12-20
L00420,Bima Santoso,Plus,4,Beginner,2025-07-21
L00421,Alya Putri,Pro,23,Intermediate,2024-11-16
L00422,Citra Dewi,Free,16,Advanced,2026-08-07
L00423,Eka Wijaya,Plus,17,Advanced,2026-01-23
L00424,Dimas Pratama,Plus,9,Beginner,2025-06-18
L00425,Eka Wijaya,Free,12,Beginner,2025-09-05
L00426,Citra Dewi,Pro,11,Intermediate,2025-09-30
L00427,Citra Dewi,Plus,0,Intermediate,2026-06-25
L00428,Dimas Pratama,Free,3,Intermediate,2026-02-25
L00429,Eka Wijaya,Pro,21,Beginner,2024-10-31
L00430,Citra Dewi,Plus,0,Intermediate,2024-09-22
L00431,Citra Dewi,Free,13,Beginner,2024-09-12
L00432,Citra Dewi,Pro,21,Advanced,2024-07-24
L00433,Eka Wijaya,Pro,7,Beginner,2026-03-08
L00434,Bima Santoso,Free,17,Intermediate,2025-01-03
L00435,Alya Putri,Pro,3,Advanced,2024-06-14
L00436,Eka Wijaya,Free,8,Intermediate,2024-07-14
L00437,Citra Dewi,Pro,5,Beginner,2024-04-27
L00438,Dimas Pratama,Pro,13,Advanced,2025-12-18
L00439,Eka Wijaya,Free,6,Beginner,2024-03-17
L00440,Bima Santoso,Plus,9,Beginner,2025-07-10
L00441,Alya Putri,Pro,1,Intermediate,2023-11-28
L00442,Dimas Pratama,Pro,21,Advanced,2026-02-14
L00443,Citra Dewi,Free,6,Advanced,2024-08-31
L00444,Bima Santoso,Plus,14,Beginner,2026-08-01
L00445,Citra Dewi,Plus,6,Advanced,2024-09-13
L00446,Dimas Pratama,Plus,20,Beginner,2024-02-02
L00447,Dimas Pratama,Pro,6,Intermediate,2023-11-03
L00448,Citra Dewi,Pro,9,Advanced,2023-12-01
L00449,Bima Santoso,Pro,9,Intermediate,2025-09-16
L00450,Eka Wijaya,Pro,16,Intermediate,2025-03-27
L00451,Dimas Pratama,Plus,0,Intermediate,2025-08-25
L00452,Alya Putri,Plus,16,Intermediate,2026-01-31
L00453,Citra Dewi,Plus,4,Advanced,2024-03-12
L00454,Eka Wijaya,Pro,20,Beginner,2025-01-14
L00455,Alya Putri,Pro,20,Beginner,2024-04-12
L00456,Citra Dewi,Plus,15,Advanced,2025-03-02
L00457,Alya Putri,Free,10,Beginner,2024-10-25
L00458,Eka Wijaya,Free,14,Advanced,2024-08-19
L00459,Dimas Pratama,Pro,11,Beginner,2024-12-23
L00460,Bima Santoso,Plus,2,Intermediate,2025-08-27
L00461,Alya Putri,Pro,16,Beginner,2025-05-12
L00462,Alya Putri,Pro,4,Beginner,2026-03-26
L00463,Citra Dewi,Pro,6,Intermediate,2025-05-30
L00464,Eka Wijaya,Plus,25,Advanced,2025-02-05
L00465,Citra Dewi,Pro,10,Intermediate,2026-06-15
L00466,Citra Dewi,Free,18,Beginner,2025-11-09
L00467,Dimas Pratama,Plus,18,Advanced,2024-05-09
L00468,Alya Putri,Plus,25,Intermediate,2025-05-24
L00469,Eka Wijaya,Plus,23,Beginner,2024-05-16
L00470,Eka Wijaya,Plus,0,Intermediate,2024-04-21
L00471,Bima Santoso,Pro,13,Beginner,2025-12-07
L00472,Dimas Pratama,Free,12,Beginner,2024-01-06
L00473,Bima Santoso,Plus,11,Advanced,2026-05-15
L00474,Alya Putri,Plus,14,Intermediate,2026-08-23
L00475,Bima Santoso,Pro,1,Advanced,2023-09-30
L00476,Bima Santoso,Free,6,Advanced,2024-09-17
L00477,Eka Wijaya,Free,18,Intermediate,2026-01-01
L00478,Alya Putri,Pro,5,Advanced,2024-05-23
L00479,Eka Wijaya,Plus,19,Beginner,2026-01-28
L00480,Dimas Pratama,Free,1,Advanced,2024-05-26
L00481,Dimas Pratama,Plus,23,Advanced,2024-07-17
L00482,Eka Wijaya,Free,25,Intermediate,2025-05-14
L00483,Eka Wijaya,Pro,10,Intermediate,2024-02-15
L00484,Alya Putri,Free,25,Advanced,2025-09-13
L00485,Alya Putri,Free,7,Advanced,2025-03-20
L00486,Dimas Pratama,Free,20,Advanced,2025-01-10
L00487,Bima Santoso,Pro,0,Intermediate,2026-01-12
L00488,Eka Wijaya,Plus,25,Intermediate,2026-02-22
L00489,Alya Putri,Free,25,Intermediate,2024-03-23
L00490,Eka Wijaya,Plus,16,Intermediate,2025-08-19
L00491,Bima Santoso,Pro,2,Beginner,2024-11-25
L00492,Citra Dewi,Pro,5,Advanced,2024-04-01
L00493,Bima Santoso,Pro,17,Beginner,2024-02-23
L00494,Alya Putri,Free,25,Advanced,2025-08-22
L00495,Citra Dewi,Free,8,Beginner,2024-01-07
L00496,Citra Dewi,Plus,21,Beginner,2026-03-05
L00497,Alya Putri,Plus,13,Advanced,2025-11-04
L00498,Eka Wijaya,Plus,11,Advanced,2025-12-01
L00499,Citra Dewi,Free,20,Intermediate,2025-06-02
L00500,Bima Santoso,Free,18,Intermediate,2023-11-05
L00501,Bima Santoso,Free,21,Beginner,2026-08-03
L00502,Eka Wijaya,Plus,18,Beginner,2024-10-15
L00503,Eka Wijaya,Pro,16,Advanced,2024-03-01
L00504,Bima Santoso,Pro,18,Advanced,2025-06-09
L00505,Bima Santoso,Plus,24,Advanced,2026-07-22
L00506,Bima Santoso,Free,24,Advanced,2024-01-12
L00507,Bima Santoso,Pro,9,Advanced,2023-09-13
L00508,Alya Putri,Pro,10,Beginner,2024-07-30
L00509,Dimas Pratama,Pro,8,Beginner,2025-03-12
L00510,Alya Putri,Plus,15,Beginner,2024-03-22
L00511,Bima Santoso,Free,24,Intermediate,2024-04-01
L00512,Bima Santoso,Plus,20,Beginner,2024-02-18
L00513,Eka Wijaya,Plus,7,Advanced,2024-01-30
L00514,Bima Santoso,Free,7,Beginner,2024-10-28
L00515,Citra Dewi,Free,10,Beginner,2024-10-21
L00516,Eka Wijaya,Plus,5,Advanced,2025-08-27
L00517,Alya Putri,Plus,11,Beginner,2026-04-13
L00518,Citra Dewi,Pro,20,Advanced,2026-04-27
L00519,Dimas Pratama,Plus,22,Beginner,2026-08-25
L00520,Dimas Pratama,Free,3,Intermediate,2026-08-08
L00521,Bima Santoso,Free,13,Advanced,2025-07-09
L00522,Bima Santoso,Plus,15,Beginner,2026-03-07
L00523,Bima Santoso,Pro,5,Intermediate,2026-01-19
L00524,Citra Dewi,Pro,17,Advanced,2025-10-17
L00525,Citra Dewi,Plus,24,Intermediate,2026-02-15
L00526,Eka Wijaya,Pro,0,Advanced,2025-12-30
L00527,Eka Wijaya,Plus,21,Beginner,2025-09-17
L00528,Citra Dewi,Pro,17,Intermediate,2024-03-27
L00529,Dimas Pratama,Free,13,Beginner,2025-01-11
L00530,Bima Santoso,Plus,10,Intermediate,2026-02-05
L00531,Alya Putri,Free,23,Beginner,2026-08-31
L00532,Bima Santoso,Free,22,Intermediate,2025-07-25
L00533,Dimas Pratama,Plus,4,Advanced,2026-04-13
L00534,Eka Wijaya,Pro,24,Advanced,2025-06-18
L00535,Eka Wijaya,Plus,13,Intermediate,2024-05-28
L00536,Alya Putri,Plus,25,Advanced,2024-08-16
L00537,Dimas Pratama,Free,25,Advanced,2025-10-05
L00538,Dimas Pratama,Free,11,Advanced,2026-02-27
L00539,Bima Santoso,Free,20,Advanced,2025-01-15
L00540,Dimas Pratama,Free,16,Advanced,2024-01-02
L00541,Bima Santoso,Plus,0,Advanced,2024-05-20
L00542,Bima Santoso,Free,4,Intermediate,2025-07-15
L00543,Eka Wijaya,Free,23,Intermediate,2024-08-13
L00544,Dimas Pratama,Plus,1,Intermediate,2025-07-14
L00545,Dimas Pratama,Free,4,Beginner,2025-10-05
L00546,Eka Wijaya,Plus,0,Advanced,2025-09-27
L00547,Eka Wijaya,Free,11,Intermediate,2024-03-10
L00548,Alya Putri,Plus,5,Beginner,2024-02-22
L00549,Bima Santoso,Plus,19,Advanced,2025-10-21
L00550,Dimas Pratama,Pro,16,Beginner,2026-04-19
L00551,Eka Wijaya,Plus,8,Advanced,2024-03-18
L00552,Citra Dewi,Pro,19,Intermediate,2024-04-30
L00553,Bima Santoso,Plus,13,Advanced,2024-06-11
L00554,Citra Dewi,Pro,9,Intermediate,2025-06-11
L00555,Alya Putri,Plus,6,Intermediate,2024-03-09
L00556,Eka Wijaya,Free,2,Intermediate,2023-10-25
L00557,Dimas Pratama,Plus,6,Advanced,2025-01-06
L00558,Citra Dewi,Pro,22,Beginner,2024-02-29
L00559,Dimas Pratama,Free,21,Intermediate,2026-04-20
L00560,Citra Dewi,Plus,22,Intermediate,2023-11-26
L00561,Dimas Pratama,Plus,16,Beginner,2025-05-31
L00562,Citra Dewi,Free,16,Advanced,2025-05-18
L00563,Eka Wijaya,Pro,0,Advanced,2025-07-13
L00564,Bima Santoso,Free,12,Advanced,2024-03-16
L00565,Citra Dewi,Plus,25,Advanced,2026-01-24
L00566,Eka Wijaya,Free,12,Advanced,2024-09-30
L00567,Alya Putri,Plus,20,Beginner,2024-01-10
L00568,Bima Santoso,Plus,21,Advanced,2023-10-28
L00569,Eka Wijaya,Plus,13,Advanced,2024-11-06
L00570,Dimas Pratama,Pro,5,Intermediate,2024-03-10
L00571,Bima Santoso,Pro,24,Advanced,2023-10-03
L00572,Bima Santoso,Pro,13,Beginner,2024-02-05
L00573,Citra Dewi,Pro,3,Intermediate,2026-08-15
L00574,Citra Dewi,Pro,0,Advanced,2025-08-05
L00575,Dimas Pratama,Plus,17,Beginner,2025-03-21
L00576,Bima Santoso,Pro,0,Beginner,2026-08-19
L00577,Alya Putri,Free,22,Beginner,2023-12-24
L00578,Alya Putri,Plus,12,Beginner,2025-04-04
L00579,Dimas Pratama,Plus,17,Intermediate,2025-07-18
L00580,Dimas Pratama,Free,11,Intermediate,2024-05-12
L00581,Bima Santoso,Free,12,Intermediate,2024-03-18
L00582,Eka Wijaya,Free,0,Beginner,2023-11-14
L00583,Alya Putri,Free,2,Advanced,2024-07-07
L00584,Citra Dewi,Free,3,Intermediate,2024-04-06
L00585,Alya Putri,Free,15,Intermediate,2025-11-17
L00586,Alya Putri,Plus,18,Advanced,2025-04-10
L00587,Dimas Pratama,Pro,7,Advanced,2024-02-25
L00588,Bima Santoso,Plus,18,Advanced,2023-12-10
L00589,Eka Wijaya,Free,19,Advanced,2024-09-30
L00590,Citra Dewi,Plus,8,Intermediate,2026-04-25
L00591,Eka Wijaya,Pro,6,Advanced,2024-09-11
L00592,Bima Santoso,Plus,23,Beginner,2026-01-31
L00593,Alya Putri,Free,14,Intermediate,2025-05-10
L00594,Alya Putri,Plus,14,Beginner,2026-05-02
L00595,Eka Wijaya,Pro,15,Intermediate,2024-10-05
L00596,Bima Santoso,Pro,17,Beginner,2026-06-20
L00597,Bima Santoso,Plus,16,Advanced,2024-09-07
L00598,Dimas Pratama,Pro,25,Intermediate,2024-06-03
L00599,Bima Santoso,Free,12,Intermediate,2025-03-01
L00600,Dimas Pratama,Free,9,Intermediate,2025-06-21
L00601,Dimas Pratama,Pro,19,Beginner,2025-07-15
L00602,Eka Wijaya,Free,8,Beginner,2025-12-09
L00603,Dimas Pratama,Free,21,Advanced,2024-04-08
L00604,Dimas Pratama,Plus,11,Intermediate,2024-02-07
L00605,Alya Putri,Pro,8,Advanced,2024-08-30
L00606,Eka Wijaya,Free,19,Intermediate,2025-06-25
L00607,Bima Santoso,Pro,19,Beginner,2024-03-25
L00608,Dimas Pratama,Pro,25,Intermediate,2023-09-24
L00609,Citra Dewi,Free,14,Advanced,2026-05-05
L00610,Alya Putri,Plus,14,Beginner,2024-03-27
L00611,Dimas Pratama,Pro,19,Advanced,2023-11-04
L00612,Dimas Pratama,Plus,25,Intermediate,2025-04-15
L00613,Bima Santoso,Plus,3,Beginner,2024-12-10
L00614,Bima Santoso,Free,14,Intermediate,2024-08-24
L00615,Bima Santoso,Plus,16,Beginner,2026-07-29
L00616,Citra Dewi,Pro,6,Advanced,2026-04-07
L00617,Bima Santoso,Plus,2,Beginner,2024-09-24
L00618,Eka Wijaya,Pro,15,Advanced,2026-06-12
L00619,Alya Putri,Pro,18,Advanced,2024-01-06
L00620,Eka Wijaya,Plus,20,Intermediate,2024-08-02
L00621,Bima Santoso,Pro,25,Beginner,2025-11-14
L00622,Dimas Pratama,Plus,18,Beginner,2024-05-20
L00623,Citra Dewi,Plus,17,Beginner,2024-11-02
L00624,Eka Wijaya,Pro,22,Advanced,2025-10-05
L00625,Dimas Pratama,Pro,18,Beginner,2024-07-23
L00626,Alya Putri,Plus,5,Intermediate,2024-03-28
L00627,Alya Putri,Free,23,Intermediate,2025-12-12
L00628,Citra Dewi,Free,0,Advanced,2026-04-23
L00629,Alya Putri,Free,22,Advanced,2026-04-14
L00630,Eka Wijaya,Free,12,Beginner,2025-03-21
L00631,Citra Dewi,Pro,14,Advanced,2025-12-02
L00632,Citra Dewi,Pro,1,Intermediate,2024-06-14
L00633,Dimas Pratama,Pro,18,Beginner,2025-04-02
L00634,Citra Dewi,Free,12,Advanced,2026-08-21
L00635,Alya Putri,Plus,19,Beginner,2026-07-25
L00636,Dimas Pratama,Plus,21,Advanced,2026-01-09
L00637,Bima Santoso,Pro,19,Intermediate,2026-05-23
L00638,Citra Dewi,Pro,12,Intermediate,2025-05-26
L00639,Citra Dewi,Free,25,Intermediate,2024-04-02
L00640,Alya Putri,Free,2,Intermediate,2025-11-03
L00641,Bima Santoso,Free,1,Advanced,2024-06-04
L00642,Bima Santoso,Free,16,Advanced,2025-08-19
L00643,Eka Wijaya,Pro,10,Beginner,2024-06-04
L00644,Alya Putri,Free,25,Beginner,2025-01-18
L00645,Alya Putri,Pro,4,Advanced,2026-04-02
L00646,Eka Wijaya,Free,15,Advanced,2026-06-28
L00647,Dimas Pratama,Free,7,Advanced,2025-02-04
L00648,Citra Dewi,Free,9,Advanced,2025-06-20
L00649,Bima Santoso,Plus,16,Advanced,2026-01-17
L00650,Eka Wijaya,Pro,13,Intermediate,2024-10-07
L00651,Alya Putri,Free,9,Beginner,2024-10-20
L00652,Dimas Pratama,Free,25,Advanced,2024-08-05
L00653,Citra Dewi,Pro,1,Intermediate,2024-03-08
L00654,Bima Santoso,Pro,7,Intermediate,2026-05-06
L00655,Dimas Pratama,Pro,7,Beginner,2025-04-12
L00656,Eka Wijaya,Plus,11,Advanced,2026-07-30
L00657,Bima Santoso,Free,18,Intermediate,2023-10-13
L00658,Bima Santoso,Plus,17,Intermediate,2025-10-30
L00659,Dimas Pratama,Free,18,Advanced,2023-09-16
L00660,Dimas Pratama,Plus,13,Advanced,2024-07-10
L00661,Citra Dewi,Plus,8,Intermediate,2024-10-24
L00662,Dimas Pratama,Plus,12,Advanced,2024-02-13
L00663,Bima Santoso,Free,6,Beginner,2026-04-21
L00664,Alya Putri,Free,17,Advanced,2024-03-24
L00665,Citra Dewi,Pro,4,Beginner,2023-10-11
L00666,Alya Putri,Plus,16,Advanced,2023-09-23
L00667,Dimas Pratama,Plus,19,Advanced,2025-01-19
L00668,Eka Wijaya,Pro,25,Intermediate,2024-07-12
L00669,Citra Dewi,Free,7,Intermediate,2024-02-06
L00670,Citra Dewi,Plus,15,Intermediate,2025-09-16
L00671,Dimas Pratama,Plus,11,Beginner,2025-09-04
L00672,Eka Wijaya,Pro,19,Advanced,2024-10-09
L00673,Bima Santoso,Plus,17,Advanced,2025-07-24
L00674,Bima Santoso,Pro,20,Intermediate,2024-07-28
L00675,Dimas Pratama,Plus,8,Beginner,2024-05-06
L00676,Citra Dewi,Plus,10,Intermediate,2024-03-05
L00677,Dimas Pratama,Plus,8,Advanced,2025-04-29
L00678,Citra Dewi,Pro,25,Intermediate,2024-09-14
L00679,Dimas Pratama,Pro,6,Advanced,2026-03-31
L00680,Eka Wijaya,Free,11,Intermediate,2024-04-30
L00681,Dimas Pratama,Pro,4,Advanced,2024-04-13
L00682,Eka Wijaya,Free,25,Beginner,2024-03-10
L00683,Citra Dewi,Pro,19,Advanced,2026-08-09
L00684,Eka Wijaya,Pro,25,Advanced,2024-04-21
L00685,Citra Dewi,Plus,12,Intermediate,2026-07-31
L00686,Bima Santoso,Plus,12,Intermediate,2026-08-15
L00687,Eka Wijaya,Free,18,Advanced,2026-01-29
L00688,Eka Wijaya,Free,0,Advanced,2026-04-30
L00689,Dimas Pratama,Free,5,Intermediate,2024-04-20
L00690,Citra Dewi,Plus,13,Beginner,2026-02-22
L00691,Alya Putri,Free,2,Advanced,2024-11-18
L00692,Dimas Pratama,Free,11,Intermediate,2025-03-15
L00693,Bima Santoso,Free,21,Beginner,2023-10-07
L00694,Bima Santoso,Plus,2,Intermediate,2025-02-20
L00695,Alya Putri,Plus,9,Beginner,2026-02-06
L00696,Eka Wijaya,Plus,18,Intermediate,2026-07-12
L00697,Eka Wijaya,Pro,20,Beginner,2024-04-17
L00698,Alya Putri,Free,6,Intermediate,2023-09-27
L00699,Citra Dewi,Free,2,Intermediate,2025-10-13
L00700,Eka Wijaya,Plus,18,Beginner,2025-05-27
L00701,Alya Putri,Plus,8,Beginner,2025-01-31
L00702,Dimas Pratama,Pro,19,Intermediate,2026-06-06
L00703,Dimas Pratama,Free,18,Advanced,2025-11-18
L00704,Alya Putri,Plus,13,Intermediate,2025-02-15
L00705,Bima Santoso,Free,0,Intermediate,2024-06-30
L00706,Citra Dewi,Pro,16,Beginner,2024-04-13
L00707,Alya Putri,Free,4,Advanced,2024-03-15
L00708,Alya Putri,Plus,3,Beginner,2024-09-16
L00709,Eka Wijaya,Pro,7,Beginner,2025-02-21
L00710,Bima Santoso,Plus,24,Advanced,2024-08-18
L00711,Alya Putri,Free,5,Advanced,2026-06-23
L00712,Bima Santoso,Plus,9,Advanced,2024-05-25
L00713,Citra Dewi,Pro,11,Beginner,2026-08-16
L00714,Dimas Pratama,Free,25,Advanced,2025-09-03
L00715,Alya Putri,Pro,13,Beginner,2025-04-20
L00716,Citra Dewi,Plus,11,Intermediate,2024-11-11
L00717,Eka Wijaya,Pro,0,Beginner,2025-02-04
L00718,Eka Wijaya,Pro,0,Intermediate,2024-05-02
L00719,Alya Putri,Pro,2,Beginner,2024-03-18
L00720,Bima Santoso,Free,4,Intermediate,2026-03-06
L00721,Bima Santoso,Pro,7,Intermediate,2026-05-21
L00722,Alya Putri,Pro,22,Intermediate,2026-09-01
L00723,Alya Putri,Pro,24,Intermediate,2026-01-17
L00724,Bima Santoso,Plus,21,Advanced,2025-05-24
L00725,Dimas Pratama,Plus,19,Intermediate,2025-06-26
L00726,Dimas Pratama,Pro,19,Intermediate,2024-10-02
L00727,Alya Putri,Free,16,Beginner,2025-01-08
L00728,Citra Dewi,Pro,13,Beginner,2025-06-05
L00729,Alya Putri,Plus,2,Advanced,2024-08-07
L00730,Bima Santoso,Plus,18,Advanced,2025-12-06
L00731,Alya Putri,Free,7,Intermediate,2024-05-10
L00732,Dimas Pratama,Pro,25,Intermediate,2026-01-11
L00733,Citra Dewi,Free,25,Beginner,2024-05-05
L00734,Dimas Pratama,Pro,14,Intermediate,2024-08-27
L00735,Alya Putri,Pro,13,Advanced,2024-11-07
L00736,Citra Dewi,Plus,23,Intermediate,2025-07-20
L00737,Eka Wijaya,Pro,24,Intermediate,2024-04-23
L00738,Eka Wijaya,Plus,21,Advanced,2024-09-19
L00739,Eka Wijaya,Free,23,Advanced,2025-09-29
L00740,Dimas Pratama,Free,2,Intermediate,2025-03-01
L00741,Citra Dewi,Plus,15,Intermediate,2024-12-13
L00742,Alya Putri,Plus,17,Intermediate,2024-04-13
L00743,Bima Santoso,Plus,1,Intermediate,2024-07-30
L00744,Eka Wijaya,Free,10,Intermediate,2024-01-15
L00745,Alya Putri,Plus,4,Intermediate,2025-07-16
L00746,Eka Wijaya,Plus,18,Advanced,2024-04-14
L00747,Alya Putri,Pro,9,Advanced,2026-04-24
L00748,Alya Putri,Free,17,Intermediate,2025-10-17
L00749,Eka Wijaya,Free,18,Intermediate,2025-11-06
L00750,Alya Putri,Plus,10,Intermediate,2023-10-07
L00751,Eka Wijaya,Pro,6,Beginner,2024-10-22
L00752,Bima Santoso,Pro,19,Intermediate,2026-07-17
L00753,Alya Putri,Free,6,Advanced,2024-12-18
L00754,Dimas Pratama,Plus,23,Advanced,2025-08-14
L00755,Dimas Pratama,Pro,3,Beginner,2026-03-04
L00756,Eka Wijaya,Free,17,Beginner,2025-05-05
L00757,Citra Dewi,Free,3,Beginner,2024-03-23
L00758,Eka Wijaya,Pro,4,Advanced,2025-06-01
L00759,Alya Putri,Free,9,Advanced,2026-03-28
L00760,Eka Wijaya,Plus,10,Advanced,2024-08-04
L00761,Eka Wijaya,Free,24,Intermediate,2024-05-16
L00762,Bima Santoso,Free,4,Intermediate,2024-09-28
L00763,Alya Putri,Plus,17,Beginner,2024-12-05
L00764,Alya Putri,Free,19,Intermediate,2024-03-20
L00765,Bima Santoso,Plus,20,Advanced,2025-03-25
L00766,Alya Putri,Pro,5,Advanced,2024-01-31
L00767,Alya Putri,Free,17,Advanced,2026-06-17
L00768,Dimas Pratama,Free,3,Advanced,2024-08-24
L00769,Bima Santoso,Free,10,Beginner,2025-01-25
L00770,Alya Putri,Plus,14,Intermediate,2024-09-25
L00771,Dimas Pratama,Pro,25,Advanced,2024-05-23
L00772,Bima Santoso,Pro,11,Intermediate,2026-03-12
L00773,Citra Dewi,Pro,8,Intermediate,2024-02-16
L00774,Citra Dewi,Pro,1,Advanced,2025-07-20
L00775,Dimas Pratama,Pro,16,Beginner,2026-06-21
L00776,Citra Dewi,Plus,21,Advanced,2026-06-04
L00777,Bima Santoso,Plus,13,Advanced,2026-01-07
L00778,Citra Dewi,Pro,1,Beginner,2026-04-01
L00779,Dimas Pratama,Pro,19,Beginner,2024-09-30
L00780,Citra Dewi,Plus,10,Intermediate,2024-10-16
L00781,Bima Santoso,Pro,8,Beginner,2023-12-30
L00782,Bima Santoso,Plus,9,Advanced,2024-06-18
L00783,Bima Santoso,Pro,25,Advanced,2026-05-05
L00784,Alya Putri,Pro,12,Beginner,2025-03-24
L00785,Bima Santoso,Free,12,Intermediate,2025-12-07
L00786,Dimas Pratama,Free,3,Beginner,2024-02-18
L00787,Eka Wijaya,Free,22,Advanced,2026-04-01
L00788,Alya Putri,Free,22,Intermediate,2024-05-18
L00789,Dimas Pratama,Plus,6,Intermediate,2025-02-20
L00790,Bima Santoso,Free,2,Advanced,2025-02-16
L00791,Dimas Pratama,Free,16,Intermediate,2025-09-09
L00792,Citra Dewi,Free,14,Intermediate,2026-04-22
L00793,Eka Wijaya,Free,1,Beginner,2025-08-21
L00794,Bima Santoso,Plus,21,Beginner,2025-03-25
L00795,Bima Santoso,Pro,17,Beginner,2024-07-22
L00796,Citra Dewi,Plus,16,Advanced,2024-01-31
L00797,Dimas Pratama,Free,19,Beginner,2024-04-13
L00798,Dimas Pratama,Free,13,Intermediate,2024-04-04
L00799,Dimas Pratama,Plus,11,Advanced,2025-10-27
L00800,Eka Wijaya,Plus,4,Advanced,2025-02-01
L00801,Eka Wijaya,Plus,24,Beginner,2023-09-13
L00802,Eka Wijaya,Pro,24,Intermediate,2025-02-15
L00803,Dimas Pratama,Pro,15,Advanced,2026-02-21
L00804,Eka Wijaya,Plus,16,Beginner,2023-10-07
L00805,Alya Putri,Pro,21,Beginner,2024-11-30
L00806,Dimas Pratama,Plus,9,Beginner,2024-06-04
L00807,Citra Dewi,Pro,8,Advanced,2024-03-27
L00808,Eka Wijaya,Pro,8,Advanced,2024-02-25
L00809,Citra Dewi,Pro,0,Beginner,2024-09-22
L00810,Dimas Pratama,Free,6,Beginner,2024-11-12
L00811,Citra Dewi,Plus,24,Beginner,2024-07-02
L00812,Citra Dewi,Pro,20,Intermediate,2026-06-12
L00813,Citra Dewi,Free,22,Advanced,2024-06-24
L00814,Eka Wijaya,Free,22,Beginner,2024-08-12
L00815,Eka Wijaya,Plus,10,Intermediate,2024-09-25
L00816,Citra Dewi,Free,15,Beginner,2024-06-05
L00817,Eka Wijaya,Pro,17,Advanced,2024-05-06
L00818,Dimas Pratama,Pro,12,Intermediate,2025-03-15
L00819,Dimas Pratama,Plus,2,Intermediate,2024-05-24
L00820,Dimas Pratama,Free,25,Advanced,2024-02-25
L00821,Dimas Pratama,Pro,3,Beginner,2026-07-13
L00822,Eka Wijaya,Free,5,Intermediate,2025-09-06
L00823,Eka Wijaya,Free,1,Advanced,2025-04-19
L00824,Citra Dewi,Plus,1,Intermediate,2025-07-23
L00825,Alya Putri,Plus,13,Beginner,2024-03-09
L00826,Bima Santoso,Free,0,Beginner,2026-01-24
L00827,Eka Wijaya,Plus,3,Intermediate,2024-07-27
L00828,Eka Wijaya,Free,8,Beginner,2023-11-14
L00829,Alya Putri,Plus,9,Intermediate,2025-05-08
L00830,Alya Putri,Free,24,Advanced,2026-01-02
L00831,Citra Dewi,Plus,7,Beginner,2023-11-12
L00832,Dimas Pratama,Pro,8,Advanced,2024-01-15
L00833,Eka Wijaya,Pro,19,Advanced,2025-03-06
L00834,Dimas Pratama,Pro,10,Beginner,2023-11-23
L00835,Eka Wijaya,Free,11,Advanced,2026-04-18
L00836,Bima Santoso,Plus,10,Advanced,2024-02-01
L00837,Alya Putri,Plus,14,Beginner,2023-10-28
L00838,Eka Wijaya,Plus,13,Advanced,2026-09-03
L00839,Eka Wijaya,Pro,2,Beginner,2026-09-04
L00840,Eka Wijaya,Pro,5,Intermediate,2025-01-25
L00841,Alya Putri,Free,0,Intermediate,2026-05-08
L00842,Alya Putri,Free,15,Beginner,2023-09-05
L00843,Alya Putri,Pro,2,Beginner,2024-12-24
L00844,Dimas Pratama,Pro,10,Beginner,2026-03-04
L00845,Dimas Pratama,Plus,13,Advanced,2026-02-18
L00846,Bima Santoso,Plus,4,Intermediate,2024-01-06
L00847,Eka Wijaya,Plus,15,Beginner,2023-10-16
L00848,Bima Santoso,Plus,15,Intermediate,2023-10-19
L00849,Dimas Pratama,Free,21,Beginner,2026-08-05
L00850,Dimas Pratama,Free,1,Beginner,2024-04-02
L00851,Eka Wijaya,Free,16,Intermediate,2025-06-21
L00852,Bima Santoso,Pro,0,Intermediate,2024-02-15
L00853,Dimas Pratama,Pro,13,Beginner,2024-11-08
L00854,Alya Putri,Pro,22,Intermediate,2024-03-09
L00855,Citra Dewi,Pro,14,Beginner,2026-08-03
L00856,Eka Wijaya,Plus,3,Advanced,2024-07-08
L00857,Eka Wijaya,Pro,12,Advanced,2026-07-16
L00858,Eka Wijaya,Plus,3,Intermediate,2025-12-13
L00859,Alya Putri,Pro,8,Advanced,2026-06-30
L00860,Eka Wijaya,Free,24,Intermediate,2024-09-29
L00861,Citra Dewi,Pro,9,Beginner,2024-07-08
L00862,Citra Dewi,Plus,7,Advanced,2024-12-22
L00863,Citra Dewi,Free,20,Beginner,2026-01-16
L00864,Bima Santoso,Pro,12,Intermediate,2024-05-29
L00865,Alya Putri,Free,3,Beginner,2023-09-27
L00866,Citra Dewi,Pro,18,Intermediate,2025-04-14
L00867,Bima Santoso,Pro,13,Advanced,2023-12-24
L00868,Eka Wijaya,Plus,10,Intermediate,2026-03-06
L00869,Citra Dewi,Plus,16,Beginner,2024-09-15
L00870,Eka Wijaya,Pro,4,Intermediate,2025-10-01
L00871,Eka Wijaya,Plus,0,Advanced,2025-06-27
L00872,Citra Dewi,Pro,4,Intermediate,2026-08-22
L00873,Eka Wijaya,Plus,21,Advanced,2024-06-12
L00874,Dimas Pratama,Plus,9,Intermediate,2024-06-19
L00875,Alya Putri,Free,25,Beginner,2024-04-07
L00876,Bima Santoso,Pro,23,Intermediate,2025-06-19
L00877,Citra Dewi,Plus,4,Beginner,2025-08-07
L00878,Citra Dewi,Plus,10,Advanced,2023-09-14
L00879,Eka Wijaya,Free,18,Beginner,2026-05-07
L00880,Bima Santoso,Pro,20,Advanced,2024-04-23
L00881,Alya Putri,Free,12,Intermediate,2023-10-14
L00882,Alya Putri,Pro,22,Intermediate,2024-01-07
L00883,Alya Putri,Free,24,Advanced,2023-09-05
L00884,Eka Wijaya,Free,9,Intermediate,2025-01-04
L00885,Citra Dewi,Pro,15,Intermediate,2024-11-23
L00886,Eka Wijaya,Free,17,Beginner,2024-01-11
L00887,Bima Santoso,Plus,7,Advanced,2024-08-15
L00888,Eka Wijaya,Free,24,Intermediate,2023-12-09
L00889,Eka Wijaya,Plus,12,Beginner,2026-08-30
L00890,Citra Dewi,Plus,0,Intermediate,2026-01-06
L00891,Alya Putri,Pro,7,Intermediate,2025-06-27
L00892,Eka Wijaya,Plus,4,Advanced,2025-05-31
L00893,Eka Wijaya,Pro,25,Beginner,2024-04-28
L00894,Citra Dewi,Pro,2,Intermediate,2026-05-17
L00895,Alya Putri,Plus,4,Beginner,2024-08-02
L00896,Citra Dewi,Plus,21,Advanced,2026-03-03
L00897,Eka Wijaya,Plus,8,Intermediate,2025-10-28
L00898,Dimas Pratama,Free,11,Beginner,2026-08-11
L00899,Dimas Pratama,Pro,15,Intermediate,2025-06-30
L00900,Citra Dewi,Pro,21,Intermediate,2025-09-19
L00901,Bima Santoso,Free,5,Advanced,2025-09-07
L00902,Dimas Pratama,Pro,9,Intermediate,2024-08-09
L00903,Alya Putri,Pro,6,Beginner,2024-08-13
L00904,Dimas Pratama,Free,10,Advanced,2024-08-01
L00905,Citra Dewi,Plus,20,Beginner,2023-10-02
L00906,Bima Santoso,Plus,24,Beginner,2026-04-09
L00907,Eka Wijaya,Pro,5,Advanced,2026-03-25
L00908,Alya Putri,Free,4,Advanced,2025-10-10
L00909,Citra Dewi,Pro,7,Beginner,2025-07-04
L00910,Eka Wijaya,Free,3,Intermediate,2024-12-07
L00911,Dimas Pratama,Plus,16,Beginner,2024-04-04
L00912,Eka Wijaya,Free,4,Advanced,2023-09-20
L00913,Alya Putri,Free,24,Intermediate,2026-09-04
L00914,Citra Dewi,Plus,20,Beginner,2023-12-20
L00915,Alya Putri,Plus,7,Beginner,2023-11-11
L00916,Alya Putri,Plus,19,Advanced,2025-11-07
L00917,Dimas Pratama,Plus,24,Beginner,2025-04-03
L00918,Eka Wijaya,Pro,24,Advanced,2026-08-01
L00919,Bima Santoso,Free,7,Advanced,2025-10-17
L00920,Bima Santoso,Pro,12,Advanced,2025-11-13
L00921,Citra Dewi,Free,3,Intermediate,2023-11-11
L00922,Alya Putri,Pro,9,Intermediate,2024-12-24
L00923,Eka Wijaya,Pro,21,Advanced,2025-09-22
L00924,Eka Wijaya,Free,3,Beginner,2025-06-15
L00925,Alya Putri,Free,2,Beginner,2026-06-09
L00926,Dimas Pratama,Pro,6,Advanced,2024-10-20
L00927,Alya Putri,Pro,19,Advanced,2024-05-14
L00928,Dimas Pratama,Free,5,Intermediate,2024-10-25
L00929,Bima Santoso,Free,22,Intermediate,2024-01-16
L00930,Eka Wijaya,Pro,19,Intermediate,2024-04-19
L00931,Alya Putri,Pro,19,Beginner,2026-03-14
L00932,Eka Wijaya,Pro,7,Beginner,2024-08-21
L00933,Bima Santoso,Pro,17,Intermediate,2024-01-16
L00934,Alya Putri,Plus,5,Intermediate,2024-03-02
L00935,Eka Wijaya,Pro,6,Intermediate,2025-09-30
L00936,Dimas Pratama,Pro,20,Advanced,2024-03-26
L00937,Alya Putri,Pro,7,Beginner,2025-10-11
L00938,Citra Dewi,Pro,9,Advanced,2023-09-12
L00939,Alya Putri,Pro,0,Intermediate,2024-04-28
L00940,Bima Santoso,Pro,7,Beginner,2025-09-11
L00941,Alya Putri,Pro,13,Intermediate,2025-06-22
L00942,Alya Putri,Plus,3,Beginner,2025-01-12
L00943,Citra Dewi,Plus,24,Intermediate,2024-12-27
L00944,Eka Wijaya,Free,11,Intermediate,2026-01-09
L00945,Dimas Pratama,Plus,13,Beginner,2024-01-02
L00946,Citra Dewi,Plus,10,Intermediate,2024-03-24
L00947,Bima Santoso,Plus,19,Beginner,2024-03-11
L00948,Alya Putri,Plus,17,Beginner,2025-04-14
L00949,Dimas Pratama,Free,0,Intermediate,2024-11-27
L00950,Bima Santoso,Plus,8,Beginner,2024-06-12
L00951,Citra Dewi,Free,15,Beginner,2025-09-26
L00952,Bima Santoso,Free,6,Beginner,2026-07-14
L00953,Dimas Pratama,Free,4,Beginner,2025-06-03
L00954,Bima Santoso,Free,3,Intermediate,2023-10-21
L00955,Eka Wijaya,Pro,21,Intermediate,2025-08-24
L00956,Citra Dewi,Free,17,Intermediate,2024-08-26
L00957,Alya Putri,Pro,25,Beginner,2025-07-20
L00958,Bima Santoso,Free,7,Advanced,2026-08-12
L00959,Alya Putri,Free,20,Intermediate,2025-04-18
L00960,Dimas Pratama,Free,25,Advanced,2023-12-14
L00961,Eka Wijaya,Plus,24,Beginner,2026-05-20
L00962,Alya Putri,Free,20,Advanced,2023-12-18
L00963,Bima Santoso,Plus,2,Intermediate,2025-02-24
L00964,Eka Wijaya,Plus,9,Beginner,2026-06-18
L00965,Dimas Pratama,Plus,22,Beginner,2024-03-29
L00966,Alya Putri,Free,18,Advanced,2024-12-06
L00967,Eka Wijaya,Plus,21,Advanced,2023-11-02
L00968,Dimas Pratama,Plus,1,Beginner,2025-11-25
L00969,Dimas Pratama,Plus,12,Advanced,2026-05-07
L00970,Eka Wijaya,Plus,14,Advanced,2025-11-26
L00971,Dimas Pratama,Pro,19,Beginner,2026-07-14
L00972,Alya Putri,Free,9,Advanced,2023-12-31
L00973,Dimas Pratama,Pro,12,Beginner,2024-03-21
L00974,Bima Santoso,Plus,11,Intermediate,2024-02-14
L00975,Citra Dewi,Pro,21,Beginner,2023-10-07
L00976,Alya Putri,Free,16,Beginner,2026-02-26
L00977,Citra Dewi,Free,24,Beginner,2026-03-27
L00978,Alya Putri,Plus,0,Intermediate,2024-06-07
L00979,Bima Santoso,Pro,24,Beginner,2024-02-12
L00980,Eka Wijaya,Plus,12,Intermediate,2026-01-31
L00981,Eka Wijaya,Plus,6,Beginner,2025-01-14
L00982,Alya Putri,Plus,7,Advanced,2025-12-08
L00983,Eka Wijaya,Plus,18,Intermediate,2024-08-18
L00984,Eka Wijaya,Free,7,Beginner,2026-01-07
L00985,Eka Wijaya,Plus,1,Advanced,2025-12-02
L00986,Eka Wijaya,Pro,13,Advanced,2024-08-18
L00987,Eka Wijaya,Plus,19,Advanced,2025-07-24
L00988,Dimas Pratama,Free,24,Intermediate,2025-03-21
L00989,Alya Putri,Pro,18,Advanced,2025-11-03
L00990,Bima Santoso,Free,0,Intermediate,2023-10-05
L00991,Citra Dewi,Pro,16,Beginner,2026-06-29
L00992,Bima Santoso,Free,20,Advanced,2026-03-05
L00993,Bima Santoso,Plus,20,Advanced,2024-01-16
L00994,Eka Wijaya,Free,1,Advanced,2025-08-15
L00995,Eka Wijaya,Pro,24,Advanced,2026-05-07
L00996,Dimas Pratama,Free,0,Advanced,2025-01-10
L00997,Citra Dewi,Pro,4,Intermediate,2024-12-19
L00998,Dimas Pratama,Pro,15,Intermediate,2023-11-06
L00999,Citra Dewi,Pro,7,Beginner,2026-05-23
L01000,Citra Dewi,Free,23,Intermediate,2024-05-21
